[
    {
        "CourseName": "Computer Programming 2",
        "CourseCode": "CSE1242",
        "CourseSections": ["CSE1242.1","CSE1242.2"],
        "CoursePrerequisites": [],
        "Day": ["Monday","Tuesday"],
        "Hour": ["09.30","11.30"],
        "SectionNumber ": [1,2]
    },
    {
        "CourseName": "Data Structures",
        "CourseCode": "CSE2225",
        "CourseSections": ["CSE2225.1","CSE2225.2"],
        "CoursePrerequisites": [],
        "Day": ["Wednesday","Thursday"],
        "Hour": ["09.30","11.30"],
        "SectionNumber ": [1,2]
    },
    {
    "CourseName": "Linear Algebra",
    "CourseCode": "MATH2256",
    "CourseSections": ["MATH2256.1","MATH2256.2"],
    "CoursePrerequisites": [],
    "Day": ["Friday"],
    "Hour": ["09.30"],
    "SectionNumber ": [1]
    },
    {
        "CourseName": "Statistics",
        "CourseCode": "STAT2253",
        "CourseSections": ["STAT2253.1","STAT2253.2"],
        "CoursePrerequisites": [],
        "Day": ["Monday","Thursday"],
        "Hour": ["09.30","11.30"],
        "SectionNumber ": [1,2]
    },
    {
        "CourseName": "Systems Programming",
        "CourseCode": "CSE2138",
        "CourseSections": ["CSE2138.1","CSE2138.2"],
        "CoursePrerequisites": [],
        "Day": ["Wednesday","Friday"],
        "Hour": ["09.30","11.30"],
        "SectionNumber ": [1,2]
    },
    {
        "CourseName": "Operating Systems",
        "CourseCode": "CSE3033",
        "CourseSections": ["CSE3033.1","CSE3033.2"],
        "CoursePrerequisites": ["CSE2225"],
        "Day": ["Monday","Tuesday"],
        "Hour": ["09.30","11.30"],
        "SectionNumber ": [1,2]
    },
    {
        "CourseName": "Database Systems",
        "CourseCode": "CSE3055",
        "CourseSections": ["CSE3055.1","CSE3055.2"],
        "CoursePrerequisites": ["CSE2225"],
        "Day": ["Wednesday","Thursday"],
        "Hour": ["09.30","11.30"],
        "SectionNumber ": [1,2]
    },
    {
        "CourseName": "Modeling And Simulation",
        "CourseCode": "IE3081",
        "CourseSections": ["IE3081.1","IE3081.2"],
        "CoursePrerequisites": ["STAT2253"],
        "Day": ["Friday"],
        "Hour": ["09.30"],
        "SectionNumber ": [1]
    },
    {
        "CourseName": "Machine Learning",
        "CourseCode": "CSE4288",
        "CourseSections": ["CSE4288.1","CSE4288.2"],
        "CoursePrerequisites": ["STAT2253","MATH2256"],
        "Day": ["Monday","Thursday"],
        "Hour": ["09.30","11.30"],
        "SectionNumber ": [1,2]
    },
    {
        "CourseName": "Computer Organization",
        "CourseCode": "CSE3038",
        "CourseSections": ["CSE3038.1","CSE3038.2"],
        "CoursePrerequisites": ["CSE2138"],
        "Day": ["Wednesday","Friday"],
        "Hour": ["09.30","11.30"],
        "SectionNumber ": [1,2]
    }
    

]