[{"DemandedCourses":[],"NameSurname":"Ali Yılmaz","CurrentCourses":[],"UserName":"user1","Advisor":"UserAdv1","DemandedCoursesSections":[],"ID":"1","CurrentCoursesSections":[],"Password":"pass1","FinishedCourses":[]},{"DemandedCourses":[],"NameSurname":"Ahmet Yılmaz","CurrentCourses":[],"UserName":"user2","Advisor":"UserAdv1","DemandedCoursesSections":[],"ID":"2","CurrentCoursesSections":[],"Password":"pass2","FinishedCourses":["CSE1242","CSE2225"]},{"DemandedCourses":[],"NameSurname":"Ali durmaz","CurrentCourses":[],"UserName":"user3","Advisor":"UserAdv1","Password ":"pass3","DemandedCoursesSections":[],"ID":"3","CurrentCoursesSections":[],"FinishedCourses":["MATH2256","STAT2253"]},{"DemandedCourses":[],"NameSurname":"yasin durmus","CurrentCourses":[],"UserName":"user4","Advisor":"UserAdv2","Password ":"pass4","DemandedCoursesSections":[],"ID":"4","CurrentCoursesSections":[],"FinishedCourses":["CSE1242","CSE2225","MATH2256","STAT2253","CSE2138"]},{"DemandedCourses":[],"NameSurname":"Ayse Korkmaz","CurrentCourses":[],"UserName":"user5","Advisor":"UserAdv2","Password ":"pass5","DemandedCoursesSections":[],"ID":"5","CurrentCoursesSections":[],"FinishedCourses":[]},{"DemandedCourses":[],"NameSurname":"Baris Korkmaz","CurrentCourses":[],"UserName":"user6","Advisor":"UserAdv2","Password ":"pass6","DemandedCoursesSections":[],"ID":"6","CurrentCoursesSections":[],"FinishedCourses":[]},{"DemandedCourses":[],"NameSurname":"Eastblood Iron","CurrentCourses":[],"UserName":"user7","Advisor":"UserAdv1","Password ":"pass7","DemandedCoursesSections":[],"ID":"7","CurrentCoursesSections":[],"FinishedCourses":[]},{"DemandedCourses":[],"NameSurname":"Askin Yavuz Tuna","CurrentCourses":[],"UserName":"user8","Advisor":"UserAdv1","Password ":"pass8","DemandedCoursesSections":[],"ID":"8","CurrentCoursesSections":[],"FinishedCourses":[]},{"DemandedCourses":[],"NameSurname":"Mehmet Efe Selamet","CurrentCourses":[],"UserName":"user9","Advisor":"UserAdv2","Password ":"pass9","DemandedCoursesSections":[],"ID":"9","CurrentCoursesSections":[],"FinishedCourses":[]},{"DemandedCourses":[],"NameSurname":"Ozan Yildirim","CurrentCourses":[],"UserName":"user10","Advisor":"UserAdv2","Password ":"pass10","DemandedCoursesSections":[],"ID":"10","CurrentCoursesSections":[],"FinishedCourses":[]}]